{
  "accuracy": 0.7286956521739131,
  "f1_score": 0.8424242424242424,
  "precision": 0.7307242990654206,
  "recall": 0.994435612082671,
  "confusion_matrix": [
    [
      6,
      461
    ],
    [
      7,
      1251
    ]
  ],
  "true_negatives": 6,
  "false_positives": 461,
  "false_negatives": 7,
  "true_positives": 1251,
  "specificity": 0.01284796573875803,
  "npv": 0.46153846153846156,
  "fpr": 0.987152034261242,
  "fnr": 0.005564387917329093,
  "auc_roc": 0.6174325856275724,
  "auc_pr": 0.8168781298713752
}