{
  "accuracy": 0.7275362318840579,
  "f1_score": 0.8417508417508418,
  "precision": 0.7301401869158879,
  "recall": 0.9936406995230525,
  "confusion_matrix": [
    [
      5,
      462
    ],
    [
      8,
      1250
    ]
  ],
  "true_negatives": 5,
  "false_positives": 462,
  "false_negatives": 8,
  "true_positives": 1250,
  "specificity": 0.010706638115631691,
  "npv": 0.38461538461538464,
  "fpr": 0.9892933618843683,
  "fnr": 0.006359300476947536,
  "auc_roc": 0.6323588987652472,
  "auc_pr": 0.821731370073792
}