{
  "accuracy": 0.6921739130434783,
  "f1_score": 0.8123011664899258,
  "precision": 0.7313812858052197,
  "recall": 0.9133545310015898,
  "confusion_matrix": [
    [
      45,
      422
    ],
    [
      109,
      1149
    ]
  ],
  "true_negatives": 45,
  "false_positives": 422,
  "false_negatives": 109,
  "true_positives": 1149,
  "specificity": 0.09635974304068523,
  "npv": 0.2922077922077922,
  "fpr": 0.9036402569593148,
  "fnr": 0.08664546899841018,
  "auc_roc": 0.5055167272071164,
  "auc_pr": 0.7411274199146696
}