{
  "model_name": "phase2_epoch_007",
  "performance_summary": {
    "f1_score": 0.8391891891891892,
    "accuracy": 0.7240579710144928,
    "auc_roc": 0.5769158754421382,
    "precision": 0.7297297297297297,
    "recall": 0.9872813990461049
  },
  "error_analysis": {
    "total_errors": 476,
    "error_rate": 0.27594202898550724,
    "false_positive_rate": 153.33333333333334,
    "false_negative_rate": 5.333333333333333
  },
  "strengths": [
    "Good F1 score (>0.8)",
    "High recall - good at detecting anomalies"
  ],
  "weaknesses": [],
  "recommendations": [
    "Adjust decision threshold to reduce false positives"
  ]
}