{
  "accuracy": 0.7240579710144928,
  "f1_score": 0.8391891891891892,
  "precision": 0.7297297297297297,
  "recall": 0.9872813990461049,
  "confusion_matrix": [
    [
      7,
      460
    ],
    [
      16,
      1242
    ]
  ],
  "true_negatives": 7,
  "false_positives": 460,
  "false_negatives": 16,
  "true_positives": 1242,
  "specificity": 0.014989293361884369,
  "npv": 0.30434782608695654,
  "fpr": 0.9850107066381156,
  "fnr": 0.012718600953895072,
  "auc_roc": 0.5769158754421382,
  "auc_pr": 0.7965108453602436
}