{
  "total_misclassifications": 57,
  "false_positives": 14,
  "false_negatives": 43,
  "error_rate": 0.07373868046571798,
  "high_confidence_errors": [
    [
      "729",
      "0.9990151"
    ],
    [
      "265",
      "0.96599346"
    ],
    [
      "620",
      "0.9486391"
    ],
    [
      "369",
      "0.93447936"
    ],
    [
      "634",
      "0.92699975"
    ],
    [
      "331",
      "0.888709"
    ],
    [
      "734",
      "0.86552197"
    ],
    [
      "687",
      "0.7035337"
    ],
    [
      "238",
      "0.6897853"
    ],
    [
      "57",
      "0.67688566"
    ],
    [
      "543",
      "0.6645326"
    ],
    [
      "737",
      "0.653833"
    ]
  ]
}