{
  "accuracy": 0.9866666666666667,
  "f1_score": 0.9909126827340972,
  "precision": 0.9850746268656716,
  "recall": 0.9968203497615262,
  "confusion_matrix": [
    [
      448,
      19
    ],
    [
      4,
      1254
    ]
  ],
  "true_negatives": 448,
  "false_positives": 19,
  "false_negatives": 4,
  "true_positives": 1254,
  "specificity": 0.9593147751605996,
  "npv": 0.9911504424778761,
  "fpr": 0.04068522483940043,
  "fnr": 0.003179650238473768,
  "auc_roc": 0.9995233928978733,
  "auc_pr": 0.9998225373440159
}