{
  "model_info": {
    "model_path": "/content/drive/MyDrive/Nubia2025/model_epoch_3.pth",
    "evaluation_date": "2025-08-18T22:23:01.218276",
    "architecture": "resnet50",
    "image_size": 224
  },
  "dataset_info": {
    "total_samples": 773,
    "good_samples": 610,
    "defective_samples": 163,
    "categories": {
      "pill": {
        "good": 267,
        "defective": 0
      },
      "zipper": {
        "good": 272,
        "defective": 119
      },
      "tile": {
        "good": 263,
        "defective": 84
      },
      "hazelnut": {
        "good": 431,
        "defective": 70
      },
      "carpet": {
        "good": 308,
        "defective": 89
      },
      "cable": {
        "good": 282,
        "defective": 92
      },
      "leather": {
        "good": 277,
        "defective": 92
      },
      "screw": {
        "good": 361,
        "defective": 119
      },
      "toothbrush": {
        "good": 72,
        "defective": 30
      },
      "bottle": {
        "good": 229,
        "defective": 63
      },
      "grid": {
        "good": 285,
        "defective": 57
      }
    }
  },
  "performance_metrics": {
    "accuracy": 0.926261319534282,
    "f1_score": 0.8080808080808081,
    "roc_auc": 0.9496228502464045,
    "pr_auc": 0.8922081588050048,
    "confusion_matrix": [
      [
        596,
        14
      ],
      [
        43,
        120
      ]
    ],
    "classification_report": {
      "Good": {
        "precision": 0.9327073552425665,
        "recall": 0.9770491803278688,
        "f1-score": 0.9543634907926342,
        "support": 610.0
      },
      "Defective": {
        "precision": 0.8955223880597015,
        "recall": 0.7361963190184049,
        "f1-score": 0.8080808080808081,
        "support": 163.0
      },
      "accuracy": 0.926261319534282,
      "macro avg": {
        "precision": 0.914114871651134,
        "recall": 0.8566227496731369,
        "f1-score": 0.8812221494367212,
        "support": 773.0
      },
      "weighted avg": {
        "precision": 0.9248662819556236,
        "recall": 0.926261319534282,
        "f1-score": 0.9235173364821198,
        "support": 773.0
      }
    }
  }
}