Metric,Value
Accuracy,0.926261319534282
F1-Score,0.8080808080808081
ROC-AUC,0.9496228502464045
PR-AUC,0.8922081588050048
Precision (Good),0.9327073552425665
Recall (Good),0.9770491803278688
Precision (Defective),0.8955223880597015
Recall (Defective),0.7361963190184049
