{
  "model_name": "phase2_epoch_006",
  "performance_summary": {
    "f1_score": 0.8389715832205683,
    "accuracy": 0.7240579710144928,
    "auc_roc": 0.5675573545582362,
    "precision": 0.7302709069493521,
    "recall": 0.985691573926868
  },
  "error_analysis": {
    "total_errors": 476,
    "error_rate": 0.27594202898550724,
    "false_positive_rate": 152.66666666666666,
    "false_negative_rate": 6.0
  },
  "strengths": [
    "Good F1 score (>0.8)",
    "High recall - good at detecting anomalies"
  ],
  "weaknesses": [],
  "recommendations": [
    "Adjust decision threshold to reduce false positives"
  ]
}