{
  "accuracy": 0.7240579710144928,
  "f1_score": 0.8389715832205683,
  "precision": 0.7302709069493521,
  "recall": 0.985691573926868,
  "confusion_matrix": [
    [
      9,
      458
    ],
    [
      18,
      1240
    ]
  ],
  "true_negatives": 9,
  "false_positives": 458,
  "false_negatives": 18,
  "true_positives": 1240,
  "specificity": 0.019271948608137045,
  "npv": 0.3333333333333333,
  "fpr": 0.9807280513918629,
  "fnr": 0.014308426073131956,
  "auc_roc": 0.5675573545582362,
  "auc_pr": 0.7903752438737706
}