{
  "accuracy": 0.9884057971014493,
  "f1_score": 0.9920886075949367,
  "precision": 0.9874015748031496,
  "recall": 0.9968203497615262,
  "confusion_matrix": [
    [
      451,
      16
    ],
    [
      4,
      1254
    ]
  ],
  "true_negatives": 451,
  "false_positives": 16,
  "false_negatives": 4,
  "true_positives": 1254,
  "specificity": 0.9657387580299786,
  "npv": 0.9912087912087912,
  "fpr": 0.034261241970021415,
  "fnr": 0.003179650238473768,
  "auc_roc": 0.9993225370476914,
  "auc_pr": 0.9997454949095794
}