{
  "accuracy": 0.9889855072463768,
  "f1_score": 0.992487149070779,
  "precision": 0.987411487018096,
  "recall": 0.9976152623211447,
  "confusion_matrix": [
    [
      451,
      16
    ],
    [
      3,
      1255
    ]
  ],
  "true_negatives": 451,
  "false_positives": 16,
  "false_negatives": 3,
  "true_positives": 1255,
  "specificity": 0.9657387580299786,
  "npv": 0.9933920704845814,
  "fpr": 0.034261241970021415,
  "fnr": 0.0023847376788553257,
  "auc_roc": 0.9995744579445298,
  "auc_pr": 0.9998382991663417
}