{
  "accuracy": 0.7078260869565217,
  "f1_score": 0.8257261410788381,
  "precision": 0.7307221542227662,
  "recall": 0.9491255961844197,
  "confusion_matrix": [
    [
      27,
      440
    ],
    [
      64,
      1194
    ]
  ],
  "true_negatives": 27,
  "false_positives": 440,
  "false_negatives": 64,
  "true_positives": 1194,
  "specificity": 0.057815845824411134,
  "npv": 0.2967032967032967,
  "fpr": 0.9421841541755889,
  "fnr": 0.05087440381558029,
  "auc_roc": 0.5255206081506623,
  "auc_pr": 0.7576431707069564
}