{
  "model_name": "phase2_epoch_010",
  "performance_summary": {
    "f1_score": 0.8412537917087968,
    "accuracy": 0.7269565217391304,
    "auc_roc": 0.5990355514854822,
    "precision": 0.7302516091281451,
    "recall": 0.9920508744038156
  },
  "error_analysis": {
    "total_errors": 471,
    "error_rate": 0.27304347826086955,
    "false_positive_rate": 153.66666666666666,
    "false_negative_rate": 3.3333333333333335
  },
  "strengths": [
    "Good F1 score (>0.8)",
    "High recall - good at detecting anomalies"
  ],
  "weaknesses": [],
  "recommendations": [
    "Adjust decision threshold to reduce false positives"
  ]
}