{
  "accuracy": 0.7269565217391304,
  "f1_score": 0.8412537917087968,
  "precision": 0.7302516091281451,
  "recall": 0.9920508744038156,
  "confusion_matrix": [
    [
      6,
      461
    ],
    [
      10,
      1248
    ]
  ],
  "true_negatives": 6,
  "false_positives": 461,
  "false_negatives": 10,
  "true_positives": 1248,
  "specificity": 0.01284796573875803,
  "npv": 0.375,
  "fpr": 0.987152034261242,
  "fnr": 0.00794912559618442,
  "auc_roc": 0.5990355514854822,
  "auc_pr": 0.8083607625018754
}