{
  "accuracy": 0.9884057971014493,
  "f1_score": 0.9921011058451816,
  "precision": 0.9858712715855573,
  "recall": 0.9984101748807631,
  "confusion_matrix": [
    [
      449,
      18
    ],
    [
      2,
      1256
    ]
  ],
  "true_negatives": 449,
  "false_positives": 18,
  "false_negatives": 2,
  "true_positives": 1256,
  "specificity": 0.961456102783726,
  "npv": 0.9955654101995566,
  "fpr": 0.03854389721627409,
  "fnr": 0.001589825119236884,
  "auc_roc": 0.9995693514398641,
  "auc_pr": 0.9998420027021696
}