{
  "accuracy": 0.9872463768115942,
  "f1_score": 0.9912974683544303,
  "precision": 0.9866141732283464,
  "recall": 0.9960254372019078,
  "confusion_matrix": [
    [
      450,
      17
    ],
    [
      5,
      1253
    ]
  ],
  "true_negatives": 450,
  "false_positives": 17,
  "false_negatives": 5,
  "true_positives": 1253,
  "specificity": 0.9635974304068522,
  "npv": 0.989010989010989,
  "fpr": 0.03640256959314775,
  "fnr": 0.00397456279809221,
  "auc_roc": 0.9995761601127515,
  "auc_pr": 0.999846477632509
}