{
  "model_name": "phase2_epoch_023",
  "performance_summary": {
    "f1_score": 0.8417508417508418,
    "accuracy": 0.7275362318840579,
    "auc_roc": 0.6318482482986829,
    "precision": 0.7301401869158879,
    "recall": 0.9936406995230525
  },
  "error_analysis": {
    "total_errors": 470,
    "error_rate": 0.27246376811594203,
    "false_positive_rate": 154.0,
    "false_negative_rate": 2.6666666666666665
  },
  "strengths": [
    "Good F1 score (>0.8)",
    "High recall - good at detecting anomalies"
  ],
  "weaknesses": [],
  "recommendations": [
    "Adjust decision threshold to reduce false positives"
  ]
}