{
  "model_name": "phase1_epoch_007",
  "performance_summary": {
    "f1_score": 0.9909126827340972,
    "accuracy": 0.9866666666666667,
    "auc_roc": 0.9995233928978733,
    "precision": 0.9850746268656716,
    "recall": 0.9968203497615262
  },
  "error_analysis": {
    "total_errors": 23,
    "error_rate": 0.013333333333333334,
    "false_positive_rate": 6.333333333333333,
    "false_negative_rate": 1.3333333333333333
  },
  "strengths": [
    "Good F1 score (>0.8)",
    "High recall - good at detecting anomalies",
    "High precision - few false alarms"
  ],
  "weaknesses": [],
  "recommendations": [
    "Adjust decision threshold to reduce false positives"
  ]
}