{
  "accuracy": 0.7281159420289856,
  "f1_score": 0.8420343550016841,
  "precision": 0.7305669199298656,
  "recall": 0.9936406995230525,
  "confusion_matrix": [
    [
      6,
      461
    ],
    [
      8,
      1250
    ]
  ],
  "true_negatives": 6,
  "false_positives": 461,
  "false_negatives": 8,
  "true_positives": 1250,
  "specificity": 0.01284796573875803,
  "npv": 0.42857142857142855,
  "fpr": 0.987152034261242,
  "fnr": 0.006359300476947536,
  "auc_roc": 0.6230871884606612,
  "auc_pr": 0.8189965714577053
}