{
  "model_name": "phase2_epoch_004",
  "performance_summary": {
    "f1_score": 0.8335042735042735,
    "accuracy": 0.7176811594202899,
    "auc_roc": 0.5428078286120861,
    "precision": 0.73125374925015,
    "recall": 0.9689984101748808
  },
  "error_analysis": {
    "total_errors": 487,
    "error_rate": 0.28231884057971013,
    "false_positive_rate": 149.33333333333334,
    "false_negative_rate": 13.0
  },
  "strengths": [
    "Good F1 score (>0.8)",
    "High recall - good at detecting anomalies"
  ],
  "weaknesses": [],
  "recommendations": [
    "Adjust decision threshold to reduce false positives"
  ]
}