{
  "accuracy": 0.7176811594202899,
  "f1_score": 0.8335042735042735,
  "precision": 0.73125374925015,
  "recall": 0.9689984101748808,
  "confusion_matrix": [
    [
      19,
      448
    ],
    [
      39,
      1219
    ]
  ],
  "true_negatives": 19,
  "false_positives": 448,
  "false_negatives": 39,
  "true_positives": 1219,
  "specificity": 0.04068522483940043,
  "npv": 0.3275862068965517,
  "fpr": 0.9593147751605996,
  "fnr": 0.031001589825119236,
  "auc_roc": 0.5428078286120861,
  "auc_pr": 0.7717440494129365
}