{
  "model_name": "phase2_epoch_005",
  "performance_summary": {
    "f1_score": 0.834977883633889,
    "accuracy": 0.7188405797101449,
    "auc_roc": 0.555528131734203,
    "precision": 0.7299226650803093,
    "recall": 0.9753577106518283
  },
  "error_analysis": {
    "total_errors": 485,
    "error_rate": 0.2811594202898551,
    "false_positive_rate": 151.33333333333334,
    "false_negative_rate": 10.333333333333334
  },
  "strengths": [
    "Good F1 score (>0.8)",
    "High recall - good at detecting anomalies"
  ],
  "weaknesses": [],
  "recommendations": [
    "Adjust decision threshold to reduce false positives"
  ]
}