{
  "accuracy": 0.7188405797101449,
  "f1_score": 0.834977883633889,
  "precision": 0.7299226650803093,
  "recall": 0.9753577106518283,
  "confusion_matrix": [
    [
      13,
      454
    ],
    [
      31,
      1227
    ]
  ],
  "true_negatives": 13,
  "false_positives": 454,
  "false_negatives": 31,
  "true_positives": 1227,
  "specificity": 0.027837259100642397,
  "npv": 0.29545454545454547,
  "fpr": 0.9721627408993576,
  "fnr": 0.0246422893481717,
  "auc_roc": 0.555528131734203,
  "auc_pr": 0.7812101306328396
}