{
  "accuracy": 0.7263768115942029,
  "f1_score": 0.8407557354925776,
  "precision": 0.7303634232121923,
  "recall": 0.9904610492845787,
  "confusion_matrix": [
    [
      7,
      460
    ],
    [
      12,
      1246
    ]
  ],
  "true_negatives": 7,
  "false_positives": 460,
  "false_negatives": 12,
  "true_positives": 1246,
  "specificity": 0.014989293361884369,
  "npv": 0.3684210526315789,
  "fpr": 0.9850107066381156,
  "fnr": 0.009538950715421303,
  "auc_roc": 0.5928464678307228,
  "auc_pr": 0.8054774298971592
}