{
  "accuracy": 0.662608695652174,
  "f1_score": 0.7866568914956011,
  "precision": 0.7299319727891157,
  "recall": 0.8529411764705882,
  "confusion_matrix": [
    [
      70,
      397
    ],
    [
      185,
      1073
    ]
  ],
  "true_negatives": 70,
  "false_positives": 397,
  "false_negatives": 185,
  "true_positives": 1073,
  "specificity": 0.14989293361884368,
  "npv": 0.27450980392156865,
  "fpr": 0.8501070663811563,
  "fnr": 0.14705882352941177,
  "auc_roc": 0.4816948829418914,
  "auc_pr": 0.7213988939271248
}