{
  "accuracy": 0.9889855072463768,
  "f1_score": 0.99249901302803,
  "precision": 0.9858823529411764,
  "recall": 0.9992050874403816,
  "confusion_matrix": [
    [
      449,
      18
    ],
    [
      1,
      1257
    ]
  ],
  "true_negatives": 449,
  "false_positives": 18,
  "false_negatives": 1,
  "true_positives": 1257,
  "specificity": 0.961456102783726,
  "npv": 0.9977777777777778,
  "fpr": 0.03854389721627409,
  "fnr": 0.000794912559618442,
  "auc_roc": 0.9997463769349397,
  "auc_pr": 0.9999055056329147
}