{
  "model_name": "phase2_epoch_008",
  "performance_summary": {
    "f1_score": 0.8399729912221472,
    "accuracy": 0.7252173913043478,
    "auc_roc": 0.5853705450002213,
    "precision": 0.7300469483568075,
    "recall": 0.9888712241653418
  },
  "error_analysis": {
    "total_errors": 474,
    "error_rate": 0.2747826086956522,
    "false_positive_rate": 153.33333333333334,
    "false_negative_rate": 4.666666666666667
  },
  "strengths": [
    "Good F1 score (>0.8)",
    "High recall - good at detecting anomalies"
  ],
  "weaknesses": [],
  "recommendations": [
    "Adjust decision threshold to reduce false positives"
  ]
}