{
  "accuracy": 0.7252173913043478,
  "f1_score": 0.8399729912221472,
  "precision": 0.7300469483568075,
  "recall": 0.9888712241653418,
  "confusion_matrix": [
    [
      7,
      460
    ],
    [
      14,
      1244
    ]
  ],
  "true_negatives": 7,
  "false_positives": 460,
  "false_negatives": 14,
  "true_positives": 1244,
  "specificity": 0.014989293361884369,
  "npv": 0.3333333333333333,
  "fpr": 0.9850107066381156,
  "fnr": 0.011128775834658187,
  "auc_roc": 0.5853705450002213,
  "auc_pr": 0.8013692305647931
}